{
    "d": 24,
    "nodes": 8388608,
    "pf_eigenvalue": {
        "value": 3.9999994089971285,
        "error_bound": 3.254008355467595e-12,
        "interval": [
            3.9999994089938746,
            3.9999994090003823
        ]
    },
    "anti_eigenvalue": {
        "value": 3.918503639662924,
        "error_bound": 3.1011092360947206e-12,
        "interval": [
            3.9185036396598227,
            3.918503639666025
        ]
    },
    "rho": {
        "interval": [
            0.9796260546546116,
            0.979626054657756
        ]
    },
    "C": {
        "interval": [
            11.735392517132553,
            11.735392518943712
        ]
    }
}